<?xml version="1.0" encoding="UTF-8"?>
<!DOCTYPE configuration
        PUBLIC "-//mybatis.org//DTD Config 3.0//EN"
        "http://mybatis.org/dtd/mybatis-3-config.dtd">
<configuration>
    <settings>
        <!--  使用jdbc的getGeneratedKeys 获取数据库自增主键值 -->
        <setting name="useGeneratedKeys" value="true"/>

        <!-- 使用列标签替换列别名 默认true-->
        <setting name="useColumnLabel" value="true"/>

        <!-- 开启驼峰命名转换：Table{create_time}->Entity{createTime}-->
        <setting name="mapUnderscoreToCamelCase" value="true"/>

        <!--开启延迟加载-->
        <setting name="lazyLoadingEnabled" value="true"/>


    </settings>
    <plugins>
        <plugin interceptor="com.github.pagehelper.PageInterceptor"></plugin>
    </plugins>
</configuration>